time,rawAccelX,rawAccelY,rawAccelZ,rawGyroX,rawGyroY,rawGyroZ,quaternionX,quaternionY,quaternionZ,quaternionW,linearAccelX,linearAccelY,linearAccelZ,yaw,pitch,roll,gravityX,gravityY,gravityZ
18,-126,56,16472,-4,-1,0,0,-0.00018310546875,0.0008544921875,0.99993896484375,-128.99981689453125,56.0025634765625,8280.994262695312,-0.0017092956983825692,0.0003662330190724267,-3.1296236930038434e-7,0.00036618858575820923,-3.129243850708008e-7,0.9998786300420761
51,-46,14,16450,-6,0,2,-0.00006103515625,-0.0001220703125,0.00091552734375,0.99993896484375,-47.99896240234375,15.00177001953125,8258.993255615234,-0.0018313730659715742,0.00024404354801441834,-0.0001223012073849546,0.0002440139651298523,-0.0001222863793373108,0.999878752976656
84,96,-24,16302,-7,-3,1,-0.00006103515625,-0.00018310546875,0.00091552734375,0.99993896484375,93.0010986328125,-22.997314453125,8110.993408203125,-0.0018313656135966496,0.00036612120587547976,-0.00012241298192468497,0.00036607682704925537,-0.00012239813804626465,0.9998787343502045
117,32,-44,16406,-4,-1,1,-0.00018310546875,-0.00030517578125,0.0009765625,0.99993896484375,27.00323486328125,-40.99530029296875,8214.993194580078,-0.0019533682991691166,0.0006100305248670642,-0.00036682908995615526,0.000609956681728363,-0.00036678463220596313,0.9998787604272366
150,-32,12,16378,-4,0,-2,-0.00030517578125,-0.00030517578125,0.0009765625,0.99993896484375,-36.99481201171875,17.00457763671875,8186.993682861328,-0.001953293542551723,0.0006097920410439112,-0.0006109843919309135,0.0006097182631492615,-0.0006109103560447693,0.9998787008225918
183,80,-12,16390,-3,-1,-2,-0.0003662109375,-0.000244140625,0.0009765625,0.99993896484375,76.006103515625,-5.9964599609375,8198.993743896484,-0.0019533008347977433,0.000487595170875765,-0.0007329427882617918,0.0004875361919403076,-0.0007328540086746216,0.9998786933720112
216,-196,110,16384,-3,2,-2,-0.0003662109375,-0.0003662109375,0.0009765625,0.99993896484375,-201.9937744140625,116.0054931640625,8192.994354248047,-0.0019532114063632255,0.0007317504092277209,-0.0007331812902708899,0.0007316619157791138,-0.0007330924272537231,0.9998786188662052
249,-266,100,16150,-2,0,1,-0.00030517578125,-0.00018310546875,0.00091552734375,0.99993896484375,-268.9952392578125,105.00244140625,7958.994140625,-0.0018312758575606675,0.0003656740841287313,-0.0006107236242032482,0.00036562979221343994,-0.000610649585723877,0.9998786449432373
282,30,120,16364,-5,-1,0,-0.000244140625,-0.0001220703125,0.0009765625,0.99993896484375,28.0040283203125,124.001708984375,8172.992767333984,-0.0019534203638629645,0.00024367838353526525,-0.0004885490333886982,0.00024364888668060303,-0.0004884898662567139,0.9998788125813007
315,-4,16,16296,-6,-4,0,-0.000244140625,-0.0001220703125,0.0009765625,0.99993896484375,-5.9959716796875,20.001708984375,8104.992767333984,-0.0019534203638629645,0.00024367838353526525,-0.0004885490333886982,0.00024364888668060303,-0.0004884898662567139,0.9998788125813007
348,112,2,16404,-5,-5,1,-0.00030517578125,-0.0001220703125,0.00103759765625,0.99993896484375,110.00531005859375,7.00177001953125,8212.99203491211,-0.0020754974785424036,0.000243521864291282,-0.0006106415009188462,0.00024349242448806763,-0.0006105676293373108,0.9998789019882679
381,110,-82,16454,-4,-5,-2,-0.00042724609375,-0.000244140625,0.00103759765625,0.99993896484375,106.00750732421875,-74.99627685546875,8262.993133544922,-0.002075362964752352,0.0004874237032413762,-0.0008550501241039623,0.00048736482858657837,-0.0008549466729164124,0.9998787678778172
414,120,-126,16344,-2,1,-3,-0.00054931640625,-0.00030517578125,0.00103759765625,0.99993896484375,115.0096435546875,-116.995361328125,8152.994384765625,-0.0020752357796506955,0.0006092478807591547,-0.001099332056086679,0.000609174370765686,-0.0010991990566253662,0.9998786151409149
447,0,-74,16434,-2,-3,0,-0.0006103515625,-0.00030517578125,0.00103759765625,0.99993896484375,-4.98931884765625,-63.99542236328125,8242.99496459961,-0.0020751982239958673,0.0006091211624699852,-0.0012214096583262161,0.0006090477108955383,-0.0012212619185447693,0.9998785443603992
480,54,144,16330,-3,-3,0,-0.0006103515625,-0.00030517578125,0.00103759765625,0.99993896484375,49.01068115234375,154.00457763671875,8138.994964599609,-0.0020751982239958673,0.0006091211624699852,-0.0012214096583262161,0.0006090477108955383,-0.0012212619185447693,0.9998785443603992
513,-120,104,16340,-3,-1,2,-0.00048828125,-0.000244140625,0.00103759765625,0.99993896484375,-123.991455078125,112.003662109375,8148.993591308594,-0.0020753329232993147,0.00048729700082730034,-0.000977127737763752,0.00048723816871643066,-0.0009770095348358154,0.9998787119984627
546,-42,138,16360,-6,-1,1,-0.00042724609375,-0.00018310546875,0.00103759765625,0.99993896484375,-44.9925537109375,145.002685546875,8168.992919921875,-0.002075415131308433,0.00036534609907121825,-0.00085492342667275,0.0003653019666671753,-0.0008548200130462646,0.9998787939548492
579,34,-14,16364,-6,-1,1,-0.00048828125,-0.00018310546875,0.0010986328125,0.99993896484375,31.00897216796875,-5.9971923828125,8172.9923095703125,-0.002197484595344953,0.0003651597440207364,-0.0009770232641964805,0.0003651157021522522,-0.0009769052267074585,0.9998788684606552
612,30,-100,16290,-4,-1,1,-0.00054931640625,-0.000244140625,0.0010986328125,0.99993896484375,26.0101318359375,-90.99615478515625,8098.9930419921875,-0.002197394888631048,0.0004871031679554774,-0.0010992350066971245,0.00048704445362091064,-0.0010991021990776062,0.999878779053688
645,94,-90,16394,-3,-3,0,-0.00067138671875,-0.00030517578125,0.00115966796875,0.99993896484375,89.0130615234375,-78.994873046875,8202.993408203125,-0.0023193445746933655,0.000608830343791588,-0.0013435614057679675,0.0006087571382522583,-0.0013433992862701416,0.9998787343502045
678,38,26,16446,-2,-4,-3,-0.000732421875,-0.00030517578125,0.00115966796875,0.99993896484375,33.01422119140625,38.00506591796875,8254.994110107422,-0.0023193069153880533,0.0006086887135597209,-0.0014656389561096264,0.0006086155772209167,-0.0014654621481895447,0.9998786486685276
711,-18,80,16386,-3,-3,0,-0.000732421875,-0.00030517578125,0.00115966796875,0.99993896484375,-22.98577880859375,92.00506591796875,8194.994110107422,-0.0023193069153880533,0.0006086887135597209,-0.0014656389561096264,0.0006086155772209167,-0.0014654621481895447,0.9998786486685276
744,-32,112,16406,-3,-3,0,-0.000732421875,-0.000244140625,0.00115966796875,0.99993896484375,-35.98583984375,124.00390625,8214.993835449219,-0.0023193963436107115,0.0004866111890183975,-0.0014654973290611545,0.00048655271530151367,-0.0014653205871582031,0.9998786821961403
777,-78,10,16432,-4,-1,0,-0.00067138671875,-0.000244140625,0.00115966796875,0.99993896484375,-81.98699951171875,21.00396728515625,8240.993133544922,-0.002319426550578174,0.0004867528087844794,-0.0013434197827765307,0.0004866942763328552,-0.0013432577252388,0.9998787678778172
810,-52,-12,16392,-4,-1,0,-0.00067138671875,-0.00018310546875,0.00115966796875,0.99993896484375,-54.987060546875,-0.9971923828125,8200.992919921875,-0.0023195085264629514,0.0003646752701271217,-0.0013432781698039411,0.00036463141441345215,-0.0013431161642074585,0.9998787939548492
843,16,-120,16300,-3,-1,1,-0.000732421875,-0.00018310546875,0.001220703125,0.99993896484375,13.01483154296875,-107.9970703125,8108.992431640625,-0.0024415776175601084,0.00036444419015384857,-0.0014653778544215016,0.0003644004464149475,-0.0014652013778686523,0.999878853559494
876,-16,0,16352,-4,-1,0,-0.0008544921875,-0.00030517578125,0.001220703125,0.99993896484375,-20.98260498046875,14.0052490234375,8160.9945068359375,-0.0024413232916746536,0.0006083010305243156,-0.0017098310319660416,0.0006082281470298767,-0.0017096251249313354,0.9998786002397537
909,4,32,16430,-3,-1,0,-0.00091552734375,-0.00030517578125,0.001220703125,0.99993896484375,-0.98138427734375,47.00518798828125,8238.995391845703,-0.002441285502344508,0.0006081519353294499,-0.0018319085290334032,0.0006080791354179382,-0.0018316879868507385,0.9998784922063351
942,48,140,16466,-2,-1,0,-0.0008544921875,-0.00030517578125,0.001220703125,0.99993896484375,43.01739501953125,154.0052490234375,8274.994506835938,-0.0024413232916746536,0.0006083010305243156,-0.0017098310319660416,0.0006082281470298767,-0.0017096251249313354,0.9998786002397537
975,-68,122,16514,-3,1,0,-0.0008544921875,-0.00030517578125,0.001220703125,0.99993896484375,-72.98260498046875,136.0052490234375,8322.994506835938,-0.0024413232916746536,0.0006083010305243156,-0.0017098310319660416,0.0006082281470298767,-0.0017096251249313354,0.9998786002397537
1008,-30,22,16376,-7,-1,2,-0.0008544921875,-0.000244140625,0.00128173828125,0.99993896484375,-33.9818115234375,36.0042724609375,8184.992980957031,-0.0025635193502145173,0.0004861191524911683,-0.001709711490054657,0.0004860609769821167,-0.0017095059156417847,0.9998787865042686
1041,-96,-30,16356,-5,-1,0,-0.0008544921875,-0.000244140625,0.00128173828125,0.99993896484375,-99.9818115234375,-15.9957275390625,8164.992980957031,-0.0025635193502145173,0.0004861191524911683,-0.001709711490054657,0.0004860609769821167,-0.0017095059156417847,0.9998787865042686
1074,100,-12,16380,-5,-3,1,-0.00091552734375,-0.000244140625,0.00128173828125,0.99993896484375,96.01947021484375,3.00421142578125,8188.993865966797,-0.002563488986837078,0.0004859626190532277,-0.001831788964419327,0.0004859045147895813,-0.0018315687775611877,0.99987867847085
1107,82,-6,16334,-4,-1,0,-0.00091552734375,-0.000244140625,0.0013427734375,0.99993896484375,78.0203857421875,9.00445556640625,8142.9925537109375,-0.0026855806097589056,0.00048585076913489604,-0.001831818476788464,0.00048579275608062744,-0.0018315985798835754,0.9998788386583328
1140,22,22,16318,-4,-1,0,-0.0009765625,-0.000244140625,0.0013427734375,0.99993896484375,18.021728515625,38.00439453125,8126.993499755859,-0.0026855501800003906,0.0004856867806787627,-0.0019538959179264967,0.0004856288433074951,-0.0019536614418029785,0.9998787231743336
1173,88,-4,16350,-2,-1,-3,-0.00103759765625,-0.000244140625,0.0013427734375,0.99993896484375,84.0230712890625,13.00433349609375,8158.9945068359375,-0.002685519710229074,0.0004855227886426653,-0.002075973344495471,0.0004854649305343628,-0.0020757243037223816,0.9998786002397537
1206,-74,-30,16462,-2,-1,0,-0.00103759765625,-0.000244140625,0.0013427734375,0.99993896484375,-77.9769287109375,-12.99566650390625,8270.994506835938,-0.002685519710229074,0.0004855227886426653,-0.002075973344495471,0.0004854649305343628,-0.0020757243037223816,0.9998786002397537
1239,76,26,16460,-4,-3,-3,-0.00103759765625,-0.000244140625,0.0013427734375,0.99993896484375,72.0230712890625,43.00433349609375,8268.994506835938,-0.002685519710229074,0.0004855227886426653,-0.002075973344495471,0.0004854649305343628,-0.0020757243037223816,0.9998786002397537
1272,-16,-22,16374,-3,1,1,-0.00103759765625,-0.000244140625,0.0013427734375,0.99993896484375,-19.9769287109375,-4.99566650390625,8182.9945068359375,-0.002685519710229074,0.0004855227886426653,-0.002075973344495471,0.0004854649305343628,-0.0020757243037223816,0.9998786002397537
1305,2,-2,16426,-4,-1,1,-0.00103759765625,-0.000244140625,0.00140380859375,0.99993896484375,-1.97589111328125,15.00457763671875,8234.993133544922,-0.002807611194895264,0.0004853960322865886,-0.0020760028022494934,0.0004853382706642151,-0.0020757541060447693,0.9998787678778172
1338,34,-64,16358,-5,-3,0,-0.0010986328125,-0.000244140625,0.00146484375,0.99993896484375,30.026611328125,-45.9952392578125,8166.992767333984,-0.002929672022427038,0.00048509037390270934,-0.0021981096137471305,0.0004850327968597412,-0.00219784677028656,0.9998788125813007
1371,-20,-80,16390,-4,-1,0,-0.00115966796875,-0.00030517578125,0.00146484375,0.99993896484375,-24.97186279296875,-60.99383544921875,8198.994171142578,-0.0029294998113423686,0.0006069887998808442,-0.0023203658790547513,0.0006069168448448181,-0.0023200884461402893,0.999878641217947
1404,56,14,16438,-4,-1,0,-0.001220703125,-0.00030517578125,0.00146484375,0.99993896484375,51.02960205078125,34.006103515625,8246.995361328125,-0.0029294616983403863,0.000606809876553054,-0.002442443218604213,0.0006067380309104919,-0.0024421513080596924,0.9998784959316254
1437,6,62,16470,-4,-3,-3,-0.001220703125,-0.00030517578125,0.00146484375,0.99993896484375,1.02960205078125,82.006103515625,8278.995361328125,-0.0029294616983403863,0.000606809876553054,-0.002442443218604213,0.0006067380309104919,-0.0024421513080596924,0.9998784959316254
1470,-68,60,16410,-1,0,0,-0.001220703125,-0.00030517578125,0.00146484375,0.99993896484375,-72.97039794921875,80.006103515625,8218.995361328125,-0.0029294616983403863,0.000606809876553054,-0.002442443218604213,0.0006067380309104919,-0.0024421513080596924,0.9998784959316254
1503,38,118,16436,-3,-1,1,-0.00115966796875,-0.00030517578125,0.00152587890625,0.99993896484375,33.029296875,137.0064697265625,8244.99267578125,-0.0030515910596011463,0.0006068471112623434,-0.00232040271266425,0.0006067752838134766,-0.002320125699043274,0.9998788237571716
1536,18,-10,16332,-5,-1,1,-0.00115966796875,-0.00030517578125,0.00152587890625,0.99993896484375,13.029296875,9.0064697265625,8140.99267578125,-0.0030515910596011463,0.0006068471112623434,-0.00232040271266425,0.0006067752838134766,-0.002320125699043274,0.9998788237571716
1569,-6,4,16544,-4,-1,1,-0.001220703125,-0.00030517578125,0.0015869140625,0.99993896484375,-10.96795654296875,24.0067138671875,8352.992309570312,-0.003173644032969039,0.0006065115920328667,-0.002442516823004133,0.000606440007686615,-0.0024422258138656616,0.9998788684606552
1602,38,-34,16308,-4,-1,0,-0.001220703125,-0.00030517578125,0.0015869140625,0.99993896484375,33.03204345703125,-13.9932861328125,8116.9923095703125,-0.003173644032969039,0.0006065115920328667,-0.002442516823004133,0.000606440007686615,-0.0024422258138656616,0.9998788684606552
1635,26,-30,16356,-5,-1,1,-0.00128173828125,-0.00030517578125,0.0015869140625,0.99993896484375,21.03363037109375,-8.99334716796875,8164.993560791016,-0.0031736058017747676,0.000606317761429385,-0.0025645940988240643,0.000606246292591095,-0.0025642886757850647,0.999878715723753
1668,-12,-22,16390,-1,0,0,-0.00128173828125,-0.00030517578125,0.0015869140625,0.99993896484375,-16.96636962890625,-0.99334716796875,8198.993560791016,-0.0031736058017747676,0.000606317761429385,-0.0025645940988240643,0.000606246292591095,-0.0025642886757850647,0.999878715723753
1701,-40,60,16442,-3,0,0,-0.00128173828125,-0.00030517578125,0.0015869140625,0.99993896484375,-44.96636962890625,81.00665283203125,8250.993560791016,-0.0031736058017747676,0.000606317761429385,-0.0025645940988240643,0.000606246292591095,-0.0025642886757850647,0.999878715723753
1734,6,-18,16416,-4,-1,0,-0.001220703125,-0.00030517578125,0.00164794921875,0.99993896484375,1.03326416015625,2.00701904296875,8224.990692138672,-0.003295735060181549,0.0006063624430787155,-0.0024425535978826593,0.0006062909960746765,-0.0024422630667686462,0.999879065901041
1767,18,24,16344,-2,-1,1,-0.001220703125,-0.00030517578125,0.00164794921875,0.99993896484375,13.03326416015625,44.00701904296875,8152.990692138672,-0.003295735060181549,0.0006063624430787155,-0.0024425535978826593,0.0006062909960746765,-0.0024422630667686462,0.999879065901041
1800,34,8,16412,-4,-3,0,-0.00128173828125,-0.00030517578125,0.00164794921875,0.99993896484375,29.034912109375,29.0069580078125,8220.991943359375,-0.0032956967917128935,0.000606161161077941,-0.0025646308495798327,0.0006060898303985596,-0.0025643259286880493,0.9998789131641388
1833,4,20,16414,-3,-1,1,-0.00128173828125,-0.0003662109375,0.001708984375,0.99993896484375,-1.9637451171875,41.00897216796875,8222.990600585938,-0.003417631185340938,0.0007280817486682176,-0.0025648763264320847,0.0007279962301254272,-0.002564571797847748,0.9998790770769119
1866,96,58,16394,-4,-1,0,-0.00128173828125,-0.0003662109375,0.001708984375,0.99993896484375,90.0362548828125,79.00897216796875,8202.990600585938,-0.003417631185340938,0.0007280817486682176,-0.0025648763264320847,0.0007279962301254272,-0.002564571797847748,0.9998790770769119
1899,-16,16,16474,-4,0,0,-0.00128173828125,-0.0003662109375,0.001708984375,0.99993896484375,-21.9637451171875,37.00897216796875,8282.990600585938,-0.003417631185340938,0.0007280817486682176,-0.0025648763264320847,0.0007279962301254272,-0.002564571797847748,0.9998790770769119
1932,68,16,16448,-4,-1,0,-0.00128173828125,-0.00030517578125,0.001708984375,0.99993896484375,63.03619384765625,37.00726318359375,8256.990264892578,-0.003417787683398047,0.000606004556272741,-0.0025646675812105914,0.0006059333682060242,-0.002564363181591034,0.9998791180551052
1965,-2,-80,16278,-4,-4,0,-0.00128173828125,-0.00030517578125,0.00177001953125,0.99993896484375,-6.9625244140625,-58.992431640625,8086.988525390625,-0.0035398784731905334,0.0006058479470172886,-0.002564704293715531,0.0006057769060134888,-0.0025644004344940186,0.9998793303966522
1998,-42,-16,16202,-4,-3,0,-0.00128173828125,-0.00030517578125,0.00177001953125,0.99993896484375,-46.9625244140625,5.007568359375,8010.988525390625,-0.0035398784731905334,0.0006058479470172886,-0.002564704293715531,0.0006057769060134888,-0.0025644004344940186,0.9998793303966522
2031,30,-64,16392,-5,-3,0,-0.00128173828125,-0.00030517578125,0.00177001953125,0.99993896484375,25.0374755859375,-42.992431640625,8200.988525390625,-0.0035398784731905334,0.0006058479470172886,-0.002564704293715531,0.0006057769060134888,-0.0025644004344940186,0.9998793303966522
2064,-40,-34,16396,-3,-1,0,-0.0013427734375,-0.00030517578125,0.0018310546875,0.99993896484375,-44.95941162109375,-11.9921875,8204.988037109375,-0.0036619307226098685,0.0006054676927068419,-0.0026868181418374837,0.0006053969264030457,-0.0026865005493164062,0.999879390001297
2097,66,-36,16406,-5,-4,0,-0.0013427734375,-0.0003662109375,0.0018310546875,0.99993896484375,60.0406494140625,-13.9903564453125,8214.988372802734,-0.003661766772600236,0.0007275448127632693,-0.002687041794726053,0.0007274597883224487,-0.002686724066734314,0.9998793490231037
2130,32,-10,16378,-4,-4,0,-0.0013427734375,-0.0003662109375,0.0018310546875,0.99993896484375,26.0406494140625,12.0096435546875,8186.988372802734,-0.003661766772600236,0.0007275448127632693,-0.002687041794726053,0.0007274597883224487,-0.002686724066734314,0.9998793490231037
2163,50,-6,16296,-4,-1,0,-0.0013427734375,-0.0003662109375,0.0018310546875,0.99993896484375,44.0406494140625,16.0096435546875,8104.988372802734,-0.003661766772600236,0.0007275448127632693,-0.002687041794726053,0.0007274597883224487,-0.002686724066734314,0.9998793490231037
2196,-102,70,16422,-2,0,1,-0.0013427734375,-0.0003662109375,0.00189208984375,0.99993896484375,-107.9580078125,92.010009765625,8230.986511230469,-0.0037838573087481974,0.0007273807154920389,-0.0026870858925895766,0.0007272958755493164,-0.0026867687702178955,0.9998795762658119
2229,-10,80,16444,-3,-1,0,-0.0013427734375,-0.00030517578125,0.00189208984375,0.99993896484375,-14.95806884765625,102.00811767578125,8252.98617553711,-0.003784021258608789,0.0006053036231866056,-0.0026868547883262496,0.0006052330136299133,-0.002686537802219391,0.9998796172440052
2262,-40,48,16372,-4,-1,0,-0.0013427734375,-0.0003662109375,0.00189208984375,0.99993896484375,-45.9580078125,70.010009765625,8180.986511230469,-0.0037838573087481974,0.0007273807154920389,-0.0026870858925895766,0.0007272958755493164,-0.0026867687702178955,0.9998795762658119
2295,120,20,16346,-4,-3,0,-0.0013427734375,-0.00030517578125,0.00189208984375,0.99993896484375,115.04193115234375,42.00811767578125,8154.986175537109,-0.003784021258608789,0.0006053036231866056,-0.0026868547883262496,0.0006052330136299133,-0.002686537802219391,0.9998796172440052
2328,-42,-2,16376,-4,-1,0,-0.0013427734375,-0.0003662109375,0.001953125,0.99993896484375,-47.9566650390625,20.0103759765625,8184.984588623047,-0.003905947732090622,0.0007272166128765994,-0.0026871299704100565,0.0007271319627761841,-0.002686813473701477,0.9998798109591007
2361,44,30,16394,-4,-1,0,-0.0013427734375,-0.0003662109375,0.001953125,0.99993896484375,38.0433349609375,52.0103759765625,8202.984588623047,-0.003905947732090622,0.0007272166128765994,-0.0026871299704100565,0.0007271319627761841,-0.002686813473701477,0.9998798109591007
2394,-36,-42,16344,-3,-3,1,-0.0013427734375,-0.0003662109375,0.001953125,0.99993896484375,-41.9566650390625,-19.9896240234375,8152.984588623047,-0.003905947732090622,0.0007272166128765994,-0.0026871299704100565,0.0007271319627761841,-0.002686813473701477,0.9998798109591007
2427,-116,16,16436,-3,-1,0,-0.00140380859375,-0.0003662109375,0.001953125,0.99993896484375,-121.9547119140625,39.01031494140625,8244.985961914062,-0.003905901708676889,0.0007269780446162574,-0.002809207053564199,0.0007268935441970825,-0.00280887633562088,0.9998796433210373
2460,30,18,16398,-5,-1,0,-0.0013427734375,-0.0003662109375,0.00201416015625,0.99993896484375,24.044677734375,40.0107421875,8206.982604980469,-0.004028038038987893,0.0007270525049206228,-0.0026871740281865218,0.0007269680500030518,-0.0026868581771850586,0.9998800531029701
2493,-12,-66,16292,-4,-1,2,-0.0013427734375,-0.00042724609375,0.00201416015625,0.99993896484375,-18.95526123046875,-43.98724365234375,8100.983001708984,-0.00402787408943983,0.000849129533496888,-0.002687420055228676,0.0008490309119224548,-0.002687104046344757,0.9998800046741962
2526,56,4,16326,-4,-4,0,-0.00140380859375,-0.00042724609375,0.00201416015625,0.99993896484375,49.0467529296875,27.0126953125,8134.984375,-0.004027820572932125,0.0008488834933967601,-0.002809497114585795,0.0008487850427627563,-0.00280916690826416,0.9998798370361328
2559,14,-74,16384,-2,-1,0,-0.00140380859375,-0.0003662109375,0.00201416015625,0.99993896484375,8.04669189453125,-50.98931884765625,8192.983978271484,-0.004027991974674962,0.0007268064852993734,-0.0028092510817547306,0.0007267221808433533,-0.0028089210391044617,0.9998798854649067
2592,80,122,16386,-4,-1,0,-0.00146484375,-0.00042724609375,0.00201416015625,0.99993896484375,73.04876708984375,146.01263427734375,8194.985809326172,-0.004027766996428137,0.0008486374470556098,-0.0029315741529827967,0.0008485391736030579,-0.0029312297701835632,0.9998796619474888
2625,-54,20,16380,-4,0,0,-0.00146484375,-0.00042724609375,0.0020751953125,0.99993896484375,-60.94976806640625,44.0130615234375,8188.9837646484375,-0.004149857099804113,0.0008484584005739942,-0.002931625581074224,0.0008483603596687317,-0.0029312819242477417,0.9998799115419388
2658,2,22,16352,-4,-3,0,-0.00146484375,-0.00042724609375,0.0020751953125,0.99993896484375,-4.94976806640625,46.0130615234375,8160.9837646484375,-0.004149857099804113,0.0008484584005739942,-0.002931625581074224,0.0008483603596687317,-0.0029312819242477417,0.9998799115419388
2691,28,62,16366,-3,-1,0,-0.00146484375,-0.00042724609375,0.0020751953125,0.99993896484375,21.05023193359375,86.0130615234375,8174.9837646484375,-0.004149857099804113,0.0008484584005739942,-0.002931625581074224,0.0008483603596687317,-0.0029312819242477417,0.9998799115419388
2724,-28,66,16414,-4,-1,0,-0.00146484375,-0.0003662109375,0.00213623046875,0.99993896484375,-33.9483642578125,90.0113525390625,8222.981262207031,-0.004272125933031491,0.000726202423025242,-0.0029314160459818868,0.0007261186838150024,-0.002931073307991028,0.9998802170157433
2757,-22,92,16338,-4,-1,0,-0.00140380859375,-0.00042724609375,0.00213623046875,0.99993896484375,-28.950439453125,115.0135498046875,8146.980224609375,-0.004272000741386201,0.0008485402969001934,-0.0028096000108083067,0.0008484423160552979,-0.002809271216392517,0.9998803436756134
2790,-34,-24,16314,-4,-3,0,-0.00146484375,-0.0003662109375,0.00213623046875,0.99993896484375,-39.9483642578125,0.0113525390625,8122.981262207031,-0.004272125933031491,0.000726202423025242,-0.0029314160459818868,0.0007261186838150024,-0.002931073307991028,0.9998802170157433
2823,-2,-36,16516,-4,-1,0,-0.00146484375,-0.00042724609375,0.00213623046875,0.99993896484375,-8.94830322265625,-11.98651123046875,8324.981658935547,-0.0042719470794640195,0.0008482793478608908,-0.002931676987294772,0.0008481815457344055,-0.00293133407831192,0.9998801685869694
2856,-170,76,16378,-3,-1,0,-0.00146484375,-0.00042724609375,0.00213623046875,0.99993896484375,-176.94830322265625,100.01348876953125,8186.981658935547,-0.0042719470794640195,0.0008482793478608908,-0.002931676987294772,0.0008481815457344055,-0.00293133407831192,0.9998801685869694
2889,48,2,16296,-4,-1,0,-0.00146484375,-0.0003662109375,0.00213623046875,0.99993896484375,42.0516357421875,26.0113525390625,8104.981262207031,-0.004272125933031491,0.000726202423025242,-0.0029314160459818868,0.0007261186838150024,-0.002931073307991028,0.9998802170157433
2922,-8,90,16384,-4,-4,0,-0.00146484375,-0.0003662109375,0.002197265625,0.99993896484375,-13.9468994140625,114.01171875,8192.979095458984,-0.004394215785146548,0.0007260233963857137,-0.0029314599789898874,0.0007259398698806763,-0.0029311180114746094,0.9998804815113544
2955,2,-24,16306,-4,-1,0,-0.00146484375,-0.0003662109375,0.002197265625,0.99993896484375,-3.9468994140625,0.01171875,8114.979095458984,-0.004394215785146548,0.0007260233963857137,-0.0029314599789898874,0.0007259398698806763,-0.0029311180114746094,0.9998804815113544
2988,-12,52,16426,-3,-1,-2,-0.00146484375,-0.0003662109375,0.002197265625,0.99993896484375,-17.9468994140625,76.01171875,8234.979095458984,-0.004394215785146548,0.0007260233963857137,-0.0029314599789898874,0.0007259398698806763,-0.0029311180114746094,0.9998804815113544
3021,22,58,16348,-4,-1,1,-0.00146484375,-0.00042724609375,0.002197265625,0.99993896484375,15.05316162109375,82.013916015625,8156.9794921875,-0.004394036931768313,0.0008481002889203071,-0.0029317283716433083,0.0008480027318000793,-0.0029313862323760986,0.9998804330825806
3054,-86,92,16316,-6,-3,0,-0.00146484375,-0.00042724609375,0.00225830078125,0.99993896484375,-92.94537353515625,116.01434326171875,8124.977264404297,-0.004516126653077474,0.0008479212237562509,-0.0029317797341187023,0.0008478239178657532,-0.002931438386440277,0.9998807050287724
3087,50,8,16312,-4,-1,1,-0.00146484375,-0.0003662109375,0.00225830078125,0.99993896484375,44.0545654296875,32.0120849609375,8120.976867675781,-0.00451630550626114,0.0007258443644323398,-0.002931503890130748,0.0007257610559463501,-0.002931162714958191,0.9998807534575462
3120,-68,42,16358,-4,0,1,-0.00146484375,-0.0003662109375,0.00225830078125,0.99993896484375,-73.9454345703125,66.0120849609375,8166.976867675781,-0.00451630550626114,0.0007258443644323398,-0.002931503890130748,0.0007257610559463501,-0.002931162714958191,0.9998807534575462
3153,-18,46,16444,-4,-3,0,-0.00146484375,-0.00042724609375,0.0023193359375,0.99993896484375,-24.94390869140625,70.0147705078125,8252.974975585938,-0.0046382162397520035,0.00084774215237273,-0.002931831074719822,0.000847645103931427,-0.0029314905405044556,0.9998809844255447
3186,104,30,16368,-5,-4,0,-0.00146484375,-0.00042724609375,0.0023193359375,0.99993896484375,97.05609130859375,54.0147705078125,8176.9749755859375,-0.0046382162397520035,0.00084774215237273,-0.002931831074719822,0.000847645103931427,-0.0029314905405044556,0.9998809844255447
3219,-24,-6,16368,-5,-3,0,-0.00146484375,-0.00042724609375,0.0023193359375,0.99993896484375,-30.94390869140625,18.0147705078125,8176.9749755859375,-0.0046382162397520035,0.00084774215237273,-0.002931831074719822,0.000847645103931427,-0.0029314905405044556,0.9998809844255447
3252,28,28,16360,-4,-1,1,-0.00146484375,-0.00042724609375,0.00238037109375,0.99993896484375,21.05755615234375,52.01519775390625,8168.972625732422,-0.0047603056881524285,0.0008475630747737526,-0.0029318823934455403,0.0008474662899971008,-0.002931542694568634,0.9998812712728977
3285,2,14,16422,-5,-1,0,-0.00146484375,-0.00042724609375,0.00238037109375,0.99993896484375,-4.94244384765625,38.01519775390625,8230.972625732422,-0.0047603056881524285,0.0008475630747737526,-0.0029318823934455403,0.0008474662899971008,-0.002931542694568634,0.9998812712728977
3318,26,54,16312,-3,-3,0,-0.00146484375,-0.00042724609375,0.00238037109375,0.99993896484375,19.05755615234375,78.01519775390625,8120.972625732422,-0.0047603056881524285,0.0008475630747737526,-0.0029318823934455403,0.0008474662899971008,-0.002931542694568634,0.9998812712728977
3351,2,-22,16430,-4,-3,1,-0.00146484375,-0.00042724609375,0.00238037109375,0.99993896484375,-4.94244384765625,2.01519775390625,8238.972625732422,-0.0047603056881524285,0.0008475630747737526,-0.0029318823934455403,0.0008474662899971008,-0.002931542694568634,0.9998812712728977
3384,42,20,16370,-2,-1,0,-0.00146484375,-0.00042724609375,0.00244140625,0.99993896484375,35.05902099609375,44.015625,8178.97021484375,-0.0048823949946393,0.0008473839909633271,-0.002931933690294727,0.0008472874760627747,-0.0029315948486328125,0.9998815655708313
3417,-8,4,16280,-4,-5,0,-0.00146484375,-0.00042724609375,0.00244140625,0.99993896484375,-14.94097900390625,28.015625,8088.97021484375,-0.0048823949946393,0.0008473839909633271,-0.002931933690294727,0.0008472874760627747,-0.0029315948486328125,0.9998815655708313
3450,-44,-12,16386,-4,-1,1,-0.00152587890625,-0.00042724609375,0.00244140625,0.99993896484375,-50.93853759765625,13.01556396484375,8194.971710205078,-0.004882341046470145,0.0008470857790761731,-0.0030540104742087636,0.0008469894528388977,-0.0030536577105522156,0.9998813830316067
3483,66,54,16436,-5,-1,0,-0.00152587890625,-0.00042724609375,0.00244140625,0.99993896484375,59.06146240234375,79.01556396484375,8244.971710205078,-0.004882341046470145,0.0008470857790761731,-0.0030540104742087636,0.0008469894528388977,-0.0030536577105522156,0.9998813830316067
3516,-8,-22,16426,-5,0,0,-0.00152587890625,-0.00042724609375,0.00250244140625,0.99993896484375,-14.93701171875,3.0159912109375,8234.96923828125,-0.005004430162886388,0.0008468992377535761,-0.003054061712311351,0.0008468031883239746,-0.003053709864616394,0.9998816847801208
3549,16,18,16354,-6,-1,0,-0.00152587890625,-0.00048828125,0.00250244140625,0.99993896484375,8.06304931640625,43.01849365234375,8162.969696044922,-0.005004243858420568,0.0009689759264131406,-0.003054367390107657,0.0009688660502433777,-0.003054015338420868,0.9998816289007664
3582,-70,30,16358,-2,-1,0,-0.0015869140625,-0.00048828125,0.00250244140625,0.99993896484375,-77.9344482421875,56.0184326171875,8166.971252441406,-0.0050041823390804575,0.0009686702338118669,-0.003176444121012309,0.0009685605764389038,-0.003176078200340271,0.9998814389109612
3615,-34,52,16380,-2,-3,0,-0.00152587890625,-0.00048828125,0.00250244140625,0.99993896484375,-41.93695068359375,77.01849365234375,8188.969696044922,-0.005004243858420568,0.0009689759264131406,-0.003054367390107657,0.0009688660502433777,-0.003054015338420868,0.9998816289007664
3648,-54,-4,16400,-3,-1,0,-0.0015869140625,-0.00048828125,0.00250244140625,0.99993896484375,-61.9344482421875,22.0184326171875,8208.971252441406,-0.0050041823390804575,0.0009686702338118669,-0.003176444121012309,0.0009685605764389038,-0.003176078200340271,0.9998814389109612
3681,68,-10,16382,-4,-1,0,-0.0015869140625,-0.00048828125,0.0025634765625,0.99993896484375,60.067138671875,16.0189208984375,8190.968719482422,-0.005126271260210184,0.0009684761972380438,-0.0031765027498416067,0.0009683668613433838,-0.0031761378049850464,0.9998817481100559
3714,92,34,16348,-4,-3,1,-0.0015869140625,-0.00048828125,0.0025634765625,0.99993896484375,84.067138671875,60.0189208984375,8156.968719482422,-0.005126271260210184,0.0009684761972380438,-0.0031765027498416067,0.0009683668613433838,-0.0031761378049850464,0.9998817481100559
3747,36,20,16282,-3,-3,1,-0.0015869140625,-0.00048828125,0.0025634765625,0.99993896484375,28.067138671875,46.0189208984375,8090.968719482422,-0.005126271260210184,0.0009684761972380438,-0.0031765027498416067,0.0009683668613433838,-0.0031761378049850464,0.9998817481100559
3780,-6,-56,16502,-3,-3,0,-0.0015869140625,-0.00048828125,0.0025634765625,0.99993896484375,-13.932861328125,-29.9810791015625,8310.968719482422,-0.005126271260210184,0.0009684761972380438,-0.0031765027498416067,0.0009683668613433838,-0.0031761378049850464,0.9998817481100559
3813,36,2,16438,-4,-1,2,-0.0015869140625,-0.00054931640625,0.00262451171875,0.99993896484375,27.06878662109375,28.02203369140625,8246.96664428711,-0.005248166272431146,0.0010903587352452235,-0.0031768819656990376,0.0010902360081672668,-0.0031765177845954895,0.9998820014297962
3846,-38,-42,16312,-4,-3,0,-0.0015869140625,-0.00048828125,0.00262451171875,0.99993896484375,-45.9312744140625,-15.9805908203125,8120.966125488281,-0.005248360028517392,0.0009682821535691849,-0.003176561354964763,0.0009681731462478638,-0.0031761974096298218,0.9998820647597313
3879,64,30,16306,-5,-3,0,-0.00164794921875,-0.00048828125,0.00262451171875,0.99993896484375,56.07135009765625,57.01934814453125,8114.967742919922,-0.005248298338350461,0.00096796155129593,-0.0032986379856844903,0.000967852771282196,-0.003298260271549225,0.9998818673193455
3912,-20,-2,16320,-5,-1,0,-0.00164794921875,-0.00054931640625,0.00262451171875,0.99993896484375,-28.9285888671875,25.02197265625,8128.96826171875,-0.005248097130186385,0.0010900381088464427,-0.003298958603960643,0.0010899156332015991,-0.0032985806465148926,0.9998818039894104
3945,20,-64,16444,-4,-3,0,-0.0015869140625,-0.00054931640625,0.00262451171875,0.99993896484375,11.06878662109375,-37.97796630859375,8252.96664428711,-0.005248166272431146,0.0010903587352452235,-0.0031768819656990376,0.0010902360081672668,-0.0031765177845954895,0.9998820014297962
3978,114,28,16302,-3,-1,0,-0.00164794921875,-0.00054931640625,0.002685546875,0.99993896484375,105.07305908203125,55.02252197265625,8110.965606689453,-0.005370185694150641,0.0010898365672292693,-0.003299024597049394,0.0010897144675254822,-0.003298647701740265,0.9998821280896664
4011,32,72,16398,-4,-4,0,-0.00164794921875,-0.00054931640625,0.002685546875,0.99993896484375,23.07305908203125,99.02252197265625,8206.965606689453,-0.005370185694150641,0.0010898365672292693,-0.003299024597049394,0.0010897144675254822,-0.003298647701740265,0.9998821280896664
4044,-20,-2,16396,-3,-4,0,-0.00164794921875,-0.0006103515625,0.002685546875,0.99993896484375,-29.9268798828125,25.02520751953125,8204.966186523438,-0.005369984486246978,0.0012119130769448563,-0.0032993526912286847,0.0012117773294448853,-0.0032989755272865295,0.9998820573091507
4077,42,32,16278,-3,-1,0,-0.00164794921875,-0.0006103515625,0.002685546875,0.99993896484375,32.0731201171875,59.02520751953125,8086.9661865234375,-0.005369984486246978,0.0012119130769448563,-0.0032993526912286847,0.0012117773294448853,-0.0032989755272865295,0.9998820573091507
4110,32,50,16322,-3,-1,0,-0.00164794921875,-0.0006103515625,0.002685546875,0.99993896484375,22.0731201171875,77.02520751953125,8130.9661865234375,-0.005369984486246978,0.0012119130769448563,-0.0032993526912286847,0.0012117773294448853,-0.0032989755272865295,0.9998820573091507
4143,48,62,16408,-4,-3,0,-0.00164794921875,-0.0006103515625,0.00274658203125,0.99993896484375,38.07476806640625,89.02581787109375,8216.963470458984,-0.005492072890384874,0.0012117114868459295,-0.0032994261109633616,0.0012115761637687683,-0.0032990500330924988,0.9998823888599873
4176,-24,24,16488,-3,-1,0,-0.00164794921875,-0.0006103515625,0.00274658203125,0.99993896484375,-33.92523193359375,51.02581787109375,8296.963470458984,-0.005492072890384874,0.0012117114868459295,-0.0032994261109633616,0.0012115761637687683,-0.0032990500330924988,0.9998823888599873
4209,30,20,16434,-4,-1,1,-0.00164794921875,-0.00054931640625,0.00274658203125,0.99993896484375,21.07470703125,47.0230712890625,8242.962890625,-0.005492274098021702,0.0010896350176234717,-0.003299090565512483,0.0010895133018493652,-0.003298714756965637,0.9998824596405029
4242,60,-38,16462,-4,-4,0,-0.00164794921875,-0.0006103515625,0.00274658203125,0.99993896484375,50.07476806640625,-10.97418212890625,8270.963470458984,-0.005492072890384874,0.0012117114868459295,-0.0032994261109633616,0.0012115761637687683,-0.0032990500330924988,0.9998823888599873
4275,-36,14,16402,-3,-3,-2,-0.00164794921875,-0.0006103515625,0.00274658203125,0.99993896484375,-45.92523193359375,41.02581787109375,8210.963470458984,-0.005492072890384874,0.0012117114868459295,-0.0032994261109633616,0.0012115761637687683,-0.0032990500330924988,0.9998823888599873
4308,-42,-16,16432,-5,-3,0,-0.00164794921875,-0.00054931640625,0.0028076171875,0.99993896484375,-50.92364501953125,11.02362060546875,8240.96011352539,-0.0056143623381602935,0.0010894334600335637,-0.0032991565093484594,0.0010893121361732483,-0.0032987818121910095,0.9998827986419201
4341,-28,-6,16348,-4,-1,0,-0.00164794921875,-0.0006103515625,0.0028076171875,0.99993896484375,-37.923583984375,21.02642822265625,8156.960693359375,-0.005614161130796298,0.0012115098878532822,-0.00329949950606342,0.0012113749980926514,-0.003299124538898468,0.9998827278614044
4374,46,-20,16240,-4,-3,0,-0.00164794921875,-0.00054931640625,0.0028076171875,0.99993896484375,37.07635498046875,7.02362060546875,8048.960113525391,-0.0056143623381602935,0.0010894334600335637,-0.0032991565093484594,0.0010893121361732483,-0.0032987818121910095,0.9998827986419201
4407,-38,8,16468,-3,-1,1,-0.00164794921875,-0.0006103515625,0.0028076171875,0.99993896484375,-47.923583984375,35.02642822265625,8276.960693359375,-0.005614161130796298,0.0012115098878532822,-0.00329949950606342,0.0012113749980926514,-0.003299124538898468,0.9998827278614044
4440,54,-36,16488,-5,-3,0,-0.00164794921875,-0.00054931640625,0.0028076171875,0.99993896484375,45.07635498046875,-8.97637939453125,8296.96011352539,-0.0056143623381602935,0.0010894334600335637,-0.0032991565093484594,0.0010893121361732483,-0.0032987818121910095,0.9998827986419201
4473,2,-50,16296,-4,-1,1,-0.00164794921875,-0.0006103515625,0.00286865234375,0.99993896484375,-7.92193603515625,-22.97296142578125,8104.957855224609,-0.0057362492038420055,0.0012113082799714296,-0.0032995728765272455,0.0012111738324165344,-0.0032991990447044373,0.9998830743134022
4506,-36,-22,16456,-6,-1,0,-0.00164794921875,-0.00054931640625,0.00286865234375,0.99993896484375,-44.9219970703125,5.024169921875,8264.957275390625,-0.00573645041092717,0.0010892318944640592,-0.003299222428555875,0.0010891109704971313,-0.003298848867416382,0.9998831450939178
4539,84,4,16166,-4,0,0,-0.00164794921875,-0.00054931640625,0.00286865234375,0.99993896484375,75.0780029296875,31.024169921875,7974.957275390625,-0.00573645041092717,0.0010892318944640592,-0.003299222428555875,0.0010891109704971313,-0.003298848867416382,0.9998831450939178
4572,28,76,16376,-5,-1,0,-0.00164794921875,-0.00054931640625,0.00286865234375,0.99993896484375,19.0780029296875,103.024169921875,8184.957275390625,-0.00573645041092717,0.0010892318944640592,-0.003299222428555875,0.0010891109704971313,-0.003298848867416382,0.9998831450939178
4605,-2,32,16394,-3,-1,0,-0.00164794921875,-0.00054931640625,0.00286865234375,0.99993896484375,-10.9219970703125,59.024169921875,8202.957275390625,-0.00573645041092717,0.0010892318944640592,-0.003299222428555875,0.0010891109704971313,-0.003298848867416382,0.9998831450939178
4638,4,0,16420,-3,1,0,-0.00164794921875,-0.00048828125,0.0029296875,0.99993896484375,-3.92041015625,27.02178955078125,8228.953857421875,-0.0058587395194829766,0.0009669539703751527,-0.003298930448544797,0.0009668469429016113,-0.003298558294773102,0.9998835623264313
4671,36,28,16422,-4,-1,1,-0.001708984375,-0.00054931640625,0.0029296875,0.99993896484375,27.08258056640625,56.024658203125,8230.9560546875,-0.005858468842536793,0.0010886724302448208,-0.0034213647296229494,0.001088552176952362,-0.0034209787845611572,0.9998832941055298
4704,-26,28,16420,-3,0,0,-0.001708984375,-0.00054931640625,0.0029296875,0.99993896484375,-34.91741943359375,56.024658203125,8228.9560546875,-0.005858468842536793,0.0010886724302448208,-0.0034213647296229494,0.001088552176952362,-0.0034209787845611572,0.9998832941055298
4737,54,32,16298,-5,-1,0,-0.00164794921875,-0.00054931640625,0.0029296875,0.99993896484375,45.07965087890625,59.02471923828125,8106.954376220703,-0.0058585383126831155,0.0010890303209194724,-0.003299288323133282,0.0010889098048210144,-0.003298915922641754,0.9998834989964962
4770,-66,16,16276,-4,-4,0,-0.00164794921875,-0.00054931640625,0.00299072265625,0.99993896484375,-74.918701171875,43.0252685546875,8084.951416015625,-0.0059806260397889475,0.0010888287394043169,-0.0032993541930792323,0.0010887086391448975,-0.0032989829778671265,0.9998838603496552
4803,-28,-16,16380,-4,-1,1,-0.00164794921875,-0.00048828125,0.00299072265625,0.99993896484375,-35.91876220703125,11.02227783203125,8188.950897216797,-0.005980827246297973,0.0009667524329900572,-0.0032989888672516282,0.0009666457772254944,-0.003298617899417877,0.9998839236795902
4836,-24,36,16320,-4,-1,0,-0.00164794921875,-0.00048828125,0.00299072265625,0.99993896484375,-31.91876220703125,63.02227783203125,8128.950897216797,-0.005980827246297973,0.0009667524329900572,-0.0032989888672516282,0.0009666457772254944,-0.003298617899417877,0.9998839236795902
4869,4,106,16314,-4,-1,0,-0.00164794921875,-0.00048828125,0.00299072265625,0.99993896484375,-3.91876220703125,133.02227783203125,8122.950897216797,-0.005980827246297973,0.0009667524329900572,-0.0032989888672516282,0.0009666457772254944,-0.003298617899417877,0.9998839236795902
4902,14,-58,16330,-6,-3,0,-0.00164794921875,-0.00048828125,0.00299072265625,0.99993896484375,6.08123779296875,-30.97772216796875,8138.950897216797,-0.005980827246297973,0.0009667524329900572,-0.0032989888672516282,0.0009666457772254944,-0.003298617899417877,0.9998839236795902
4935,36,84,16412,-3,-1,0,-0.00164794921875,-0.00042724609375,0.00299072265625,0.99993896484375,29.0811767578125,111.019287109375,8220.950439453125,-0.005981028452806513,0.0008446761192250549,-0.0032986235660487557,0.0008445829153060913,-0.003298252820968628,0.9998839795589447
4968,-46,-58,16328,-4,-4,0,-0.0015869140625,-0.00042724609375,0.0030517578125,0.99993896484375,-52.92022705078125,-31.980224609375,8136.94580078125,-0.006103170576142982,0.0008448473567384824,-0.0031765981811156196,0.0008447542786598206,-0.0031762421131134033,0.9998845458030701
5001,-162,-20,16274,-4,-1,1,-0.00164794921875,-0.00042724609375,0.0030517578125,0.99993896484375,-168.91717529296875,7.01971435546875,8082.947418212891,-0.0061031160010294,0.0008444746198216719,-0.0032986745089011857,0.0008443817496299744,-0.0032983049750328064,0.9998843483626842
5034,-4,44,16380,-5,-1,1,-0.00164794921875,-0.0003662109375,0.0030517578125,0.99993896484375,-9.917236328125,71.01666259765625,8188.947021484375,-0.006103317207240604,0.0007223983446522516,-0.0032983017810863154,0.0007223188877105713,-0.00329793244600296,0.9998843967914581